"dependent.var","independent.var","dependent.var.value","independent.var.value","numbers","se","min","max","repeat.var","repeat.var.value"
"length_of_displacement_score","population_group","3","IDP",0.00679958599777593,NA,-0.00505112773924112,0.018650299734793,"statex7","hirshabelle"
"length_of_displacement_score","population_group","4","IDP",0.0951669155520079,NA,0.0529534302654802,0.137380400838536,"statex7","hirshabelle"
"length_of_displacement_score","population_group","5","IDP",0.0219852420187176,NA,-0.0120862785231094,0.0560567625605445,"statex7","hirshabelle"
"length_of_displacement_score","population_group","6","IDP",0.182918830283394,NA,-0.173570324557933,0.539407985124721,"statex7","hirshabelle"
"length_of_displacement_score","population_group","7","IDP",0.687538712799327,NA,0.341820594036252,1.0332568315624,"statex7","hirshabelle"
"length_of_displacement_score","population_group","8","IDP",0.00559071334877714,NA,-0.00773524472851275,0.018916671426067,"statex7","hirshabelle"
"length_of_displacement_score","population_group","1","not_displaced",1,NA,1,1,"statex7","hirshabelle"
"length_of_displacement_score","population_group","3","IDP",0.009876644948102,NA,-0.00520052163021283,0.0249538115264168,"statex7","puntland"
"length_of_displacement_score","population_group","4","IDP",0.0436729587579339,NA,0.0169427456793774,0.0704031718364905,"statex7","puntland"
"length_of_displacement_score","population_group","5","IDP",0.0536006038070181,NA,0.0244759381869467,0.0827252694270895,"statex7","puntland"
"length_of_displacement_score","population_group","6","IDP",0.0837613709591159,NA,0.0406375103697304,0.126885231548501,"statex7","puntland"
"length_of_displacement_score","population_group","7","IDP",0.804995257499807,NA,0.727532526556611,0.882457988443003,"statex7","puntland"
"length_of_displacement_score","population_group","8","IDP",0.0040931640280228,NA,-0.0023441084362888,0.0105304364923344,"statex7","puntland"
"length_of_displacement_score","population_group","1","not_displaced",1,NA,1,1,"statex7","puntland"
"length_of_displacement_score","population_group","3","IDP",0.158505801043688,NA,0.0384450590990732,0.278566542988303,"statex7","somaliland"
"length_of_displacement_score","population_group","4","IDP",0.279639575199833,NA,0.136774621063364,0.422504529336303,"statex7","somaliland"
"length_of_displacement_score","population_group","5","IDP",0.173720061394379,NA,0.0977747239121049,0.249665398876653,"statex7","somaliland"
"length_of_displacement_score","population_group","6","IDP",0.0732081521823152,NA,0.0316911013013675,0.114725203063263,"statex7","somaliland"
"length_of_displacement_score","population_group","7","IDP",0.293123822447994,NA,0.227599878397299,0.358647766498689,"statex7","somaliland"
"length_of_displacement_score","population_group","8","IDP",0.0218025877317908,NA,0.00402607831167535,0.0395790971519063,"statex7","somaliland"
"length_of_displacement_score","population_group","1","not_displaced",1,NA,1,1,"statex7","somaliland"
"length_of_displacement_score","population_group","3","IDP",0.0755421828321708,NA,0.0206831400616598,0.130401225602682,"statex7","jubaland"
"length_of_displacement_score","population_group","4","IDP",0.188700646995374,NA,0.107496445929873,0.269904848060876,"statex7","jubaland"
"length_of_displacement_score","population_group","5","IDP",0.205681641144144,NA,0.126775033325828,0.28458824896246,"statex7","jubaland"
"length_of_displacement_score","population_group","6","IDP",0.143582413364767,NA,0.0871060297603668,0.200058796969167,"statex7","jubaland"
"length_of_displacement_score","population_group","7","IDP",0.34264548244092,NA,0.260778162234782,0.424512802647057,"statex7","jubaland"
"length_of_displacement_score","population_group","8","IDP",0.0438476332226242,NA,0.0101824149737879,0.0775128514714605,"statex7","jubaland"
"length_of_displacement_score","population_group","1","not_displaced",1,NA,1,1,"statex7","jubaland"
"length_of_displacement_score","population_group","3","IDP",0.0373473727698972,NA,-0.00764561671232487,0.0823403622521192,"statex7","galmudug"
"length_of_displacement_score","population_group","4","IDP",0.138690045151847,NA,0.0644157738557892,0.212964316447904,"statex7","galmudug"
"length_of_displacement_score","population_group","5","IDP",0.240131169625378,NA,0.153994472296478,0.326267866954278,"statex7","galmudug"
"length_of_displacement_score","population_group","6","IDP",0.195315335329075,NA,0.0818225529699895,0.308808117688161,"statex7","galmudug"
"length_of_displacement_score","population_group","7","IDP",0.323035051294412,NA,0.242441215543517,0.403628887045307,"statex7","galmudug"
"length_of_displacement_score","population_group","8","IDP",0.0654810258293912,NA,-0.0266221793287986,0.157584230987581,"statex7","galmudug"
"length_of_displacement_score","population_group","1","not_displaced",1,NA,1,1,"statex7","galmudug"
"length_of_displacement_score","population_group","3","IDP",0.13409112985631,NA,0.0691722866646499,0.199009973047969,"statex7","banadir"
"length_of_displacement_score","population_group","4","IDP",0.188635247139688,NA,0.129913895894898,0.247356598384478,"statex7","banadir"
"length_of_displacement_score","population_group","5","IDP",0.102150497253279,NA,0.0578585070729418,0.146442487433616,"statex7","banadir"
"length_of_displacement_score","population_group","6","IDP",0.0504188862315999,NA,0.0126474594673073,0.0881903129958925,"statex7","banadir"
"length_of_displacement_score","population_group","7","IDP",0.325105617808814,NA,0.228913641144935,0.421297594472694,"statex7","banadir"
"length_of_displacement_score","population_group","8","IDP",0.199598621710309,NA,0.136748081984558,0.262449161436059,"statex7","banadir"
"length_of_displacement_score","population_group","1","not_displaced",1,NA,1,1,"statex7","banadir"
"length_of_displacement_score","population_group","3","IDP",0.0286435311506045,NA,0.00707685363645371,0.0502102086647553,"statex7","sws"
"length_of_displacement_score","population_group","4","IDP",0.169035524852811,NA,0.0954538487733748,0.242617200932248,"statex7","sws"
"length_of_displacement_score","population_group","5","IDP",0.185505373237679,NA,0.114024858664736,0.256985887810622,"statex7","sws"
"length_of_displacement_score","population_group","6","IDP",0.248037855173627,NA,0.0358048449091201,0.460270865438133,"statex7","sws"
"length_of_displacement_score","population_group","7","IDP",0.354554166442983,NA,0.20169497084394,0.507413362042026,"statex7","sws"
"length_of_displacement_score","population_group","8","IDP",0.0142235491422953,NA,-0.00371587720904474,0.0321629754936353,"statex7","sws"
"length_of_displacement_score","population_group","1","not_displaced",1,NA,1,1,"statex7","sws"
"diff_current_aoo_months","population_group",NA,"IDP",0.0238595176791399,NA,-0.017714022979476,0.0654330583377558,"statex7","hirshabelle"
"diff_current_aoo_months","population_group",NA,"IDP",4.63984075830187,NA,1.63907210169521,7.64060941490852,"statex7","puntland"
"diff_current_aoo_months","population_group",NA,"IDP",0.679675405115895,NA,0.135067451479228,1.22428335875256,"statex7","somaliland"
"diff_current_aoo_months","population_group",NA,"IDP",10.8583871731507,NA,-0.49448465495635,22.2112590012578,"statex7","jubaland"
"diff_current_aoo_months","population_group",NA,"IDP",3.06512605759102,NA,1.28911129238489,4.84114082279715,"statex7","galmudug"
"diff_current_aoo_months","population_group",NA,"IDP",2.92036952722216,NA,1.05120073975316,4.78953831469116,"statex7","banadir"
"diff_current_aoo_months","population_group",NA,"IDP",7.02563874162708,NA,1.02133719138999,13.0299402918642,"statex7","sws"
"returnee_remain_here","population_group","dontknow","IDP",0.104976667414628,NA,-0.099884434249314,0.30983776907857,"statex7","hirshabelle"
"returnee_remain_here","population_group","elsewhere_city","IDP",0.00362577347425429,NA,-0.00218652764951183,0.00943807459802041,"statex7","hirshabelle"
"returnee_remain_here","population_group","elsewhere_country","IDP",0.000706062669004362,NA,-0.00101481548682502,0.00242694082483374,"statex7","hirshabelle"
"returnee_remain_here","population_group","elsewhere_somalia","IDP",0.00177475973332015,NA,-0.00155394043861835,0.00510345990525865,"statex7","hirshabelle"
"returnee_remain_here","population_group","return_refugee","IDP",0.000534348532157893,NA,-0.000506788268742596,0.00157548533305838,"statex7","hirshabelle"
"returnee_remain_here","population_group","yes","IDP",0.888382388176636,NA,0.676710720152258,1.10005405620101,"statex7","hirshabelle"
"returnee_remain_here","population_group","dontknow","IDP",0.0390775511486565,NA,-0.0156711955426326,0.0938262978399457,"statex7","puntland"
"returnee_remain_here","population_group","elsewhere_city","IDP",0.0357801236741579,NA,-0.027006889687967,0.0985671370362827,"statex7","puntland"
"returnee_remain_here","population_group","elsewhere_country","IDP",0.00292573008591358,NA,-0.000151376932576921,0.00600283710440409,"statex7","puntland"
"returnee_remain_here","population_group","elsewhere_somalia","IDP",0.106140382376793,NA,-0.0290043162190811,0.241285080972667,"statex7","puntland"
"returnee_remain_here","population_group","return_refugee","IDP",0.00804119145407372,NA,0.00152272095312453,0.0145596619550229,"statex7","puntland"
"returnee_remain_here","population_group","yes","IDP",0.808035021260405,NA,0.66489045819124,0.951179584329571,"statex7","puntland"
"returnee_remain_here","population_group","dontknow","IDP",0.0136205481045273,NA,0.00139146616924315,0.0258496300398114,"statex7","somaliland"
"returnee_remain_here","population_group","elsewhere_city","IDP",0.230382936891155,NA,0.0878237064969774,0.372942167285333,"statex7","somaliland"
"returnee_remain_here","population_group","elsewhere_somalia","IDP",0.0019322669408778,NA,-0.000420010872094418,0.00428454475385003,"statex7","somaliland"
"returnee_remain_here","population_group","return_refugee","IDP",0.0221398745254614,NA,0.00121052752431569,0.0430692215266071,"statex7","somaliland"
"returnee_remain_here","population_group","yes","IDP",0.731924373537979,NA,0.606109992339308,0.85773875473665,"statex7","somaliland"
"returnee_remain_here","population_group","dontknow","IDP",0.17377263645173,NA,0.0873586245988563,0.260186648304604,"statex7","jubaland"
"returnee_remain_here","population_group","elsewhere_city","IDP",0.0299931984699968,NA,-0.0100338824974985,0.070020279437492,"statex7","jubaland"
"returnee_remain_here","population_group","elsewhere_somalia","IDP",0.102963661937692,NA,-0.0176519209542817,0.223579244829665,"statex7","jubaland"
"returnee_remain_here","population_group","return_refugee","IDP",0.0330042641213874,NA,-0.0152656143867424,0.0812741426295172,"statex7","jubaland"
"returnee_remain_here","population_group","yes","IDP",0.660266239019194,NA,0.488597378266256,0.831935099772132,"statex7","jubaland"
"returnee_remain_here","population_group","dontknow","IDP",0.0728875339742922,NA,0.0263309145192987,0.119444153429286,"statex7","galmudug"
"returnee_remain_here","population_group","elsewhere_city","IDP",0.0132997911191705,NA,-0.00972518464782564,0.0363247668861667,"statex7","galmudug"
"returnee_remain_here","population_group","elsewhere_country","IDP",0.0500525127343381,NA,-0.0291894508672707,0.129294476335947,"statex7","galmudug"
"returnee_remain_here","population_group","elsewhere_somalia","IDP",0.000267748049316834,NA,-1.8858143044383e-05,0.000554354241678051,"statex7","galmudug"
"returnee_remain_here","population_group","return_refugee","IDP",0.142679189204453,NA,0.077751884949673,0.207606493459233,"statex7","galmudug"
"returnee_remain_here","population_group","yes","IDP",0.720813224918429,NA,0.656611215328258,0.785015234508601,"statex7","galmudug"
"returnee_remain_here","population_group","dontknow","IDP",0.112983987147978,NA,0.0457516050015168,0.180216369294439,"statex7","banadir"
"returnee_remain_here","population_group","elsewhere_city","IDP",0.0272942882310671,NA,0.00629438739594103,0.0482941890661931,"statex7","banadir"
"returnee_remain_here","population_group","elsewhere_country","IDP",0.0816593226030722,NA,-0.0685854774807702,0.231904122686915,"statex7","banadir"
"returnee_remain_here","population_group","elsewhere_somalia","IDP",0.0173420282071742,NA,0.000316338335550823,0.0343677180787975,"statex7","banadir"
"returnee_remain_here","population_group","return_refugee","IDP",0.0155389102025814,NA,0.00246896472478545,0.0286088556803774,"statex7","banadir"
"returnee_remain_here","population_group","yes","IDP",0.745181463608127,NA,0.597565899569828,0.892797027646426,"statex7","banadir"
"returnee_remain_here","population_group","dontknow","IDP",0.180180005197265,NA,0.0745780062015118,0.285782004193018,"statex7","sws"
"returnee_remain_here","population_group","elsewhere_city","IDP",0.0274401969569516,NA,-0.0142976388594889,0.0691780327733922,"statex7","sws"
"returnee_remain_here","population_group","elsewhere_country","IDP",0.027916442301847,NA,-0.0221035248505366,0.0779364094542305,"statex7","sws"
"returnee_remain_here","population_group","elsewhere_somalia","IDP",0.0321508090167092,NA,-0.018837057471686,0.0831386755051043,"statex7","sws"
"returnee_remain_here","population_group","return_refugee","IDP",0.0998689941985086,NA,-0.021750636343719,0.221488624740736,"statex7","sws"
"returnee_remain_here","population_group","yes","IDP",0.632443552328719,NA,0.497815722280831,0.767071382376607,"statex7","sws"
"birth_where","population_group","dnk","IDP",0.00362661794699637,NA,-0.0028113105386877,0.0100645464326804,"statex7","hirshabelle"
"birth_where","population_group","health_center","IDP",0.559024939824165,NA,0.404838984585767,0.713210895062564,"statex7","hirshabelle"
"birth_where","population_group","home","IDP",0.320185425042028,NA,0.204228966770446,0.436141883313609,"statex7","hirshabelle"
"birth_where","population_group","no_birth","IDP",0.000604436324499394,NA,-0.00084713787462481,0.0020560105236236,"statex7","hirshabelle"
"birth_where","population_group","traditional","IDP",0.116558580862311,NA,0.0725027445539679,0.160614417170655,"statex7","hirshabelle"
"birth_where","population_group","dnk","not_displaced",0.0390885171586365,NA,0.0172936511097037,0.0608833832075694,"statex7","hirshabelle"
"birth_where","population_group","health_center","not_displaced",0.381310239827687,NA,0.224440836500156,0.538179643155218,"statex7","hirshabelle"
"birth_where","population_group","home","not_displaced",0.424718968633206,NA,0.265508084867487,0.583929852398925,"statex7","hirshabelle"
"birth_where","population_group","no_birth","not_displaced",0.0581292038730423,NA,0.00918390867738669,0.107074499068698,"statex7","hirshabelle"
"birth_where","population_group","traditional","not_displaced",0.0967530705074279,NA,0.0628695225043517,0.130636618510504,"statex7","hirshabelle"
"birth_where","population_group","dnk","IDP",0.0158992162118864,NA,0.000801126570271154,0.0309973058535017,"statex7","puntland"
"birth_where","population_group","health_center","IDP",0.475474324445921,NA,0.372764915514456,0.578183733377385,"statex7","puntland"
"birth_where","population_group","home","IDP",0.356382277261534,NA,0.251009071656847,0.461755482866221,"statex7","puntland"
"birth_where","population_group","no_birth","IDP",0.0381108538047349,NA,0.010512357536572,0.0657093500728977,"statex7","puntland"
"birth_where","population_group","traditional","IDP",0.114133328275924,NA,0.0542375647419904,0.174029091809858,"statex7","puntland"
"birth_where","population_group","dnk","not_displaced",0.0335488854661917,NA,0.0213911182223172,0.0457066527100662,"statex7","puntland"
"birth_where","population_group","health_center","not_displaced",0.491383415810386,NA,0.416248052880448,0.566518778740324,"statex7","puntland"
"birth_where","population_group","home","not_displaced",0.252735924672373,NA,0.162972044247633,0.342499805097114,"statex7","puntland"
"birth_where","population_group","no_birth","not_displaced",0.079535232754922,NA,0.0261337089862759,0.132936756523568,"statex7","puntland"
"birth_where","population_group","traditional","not_displaced",0.142796541296127,NA,0.102369020012263,0.183224062579991,"statex7","puntland"
"birth_where","population_group","dnk","IDP",0.0148266109678113,NA,0.00147569272050897,0.0281775292151137,"statex7","somaliland"
"birth_where","population_group","health_center","IDP",0.355472898811845,NA,0.289567277442323,0.421378520181368,"statex7","somaliland"
"birth_where","population_group","home","IDP",0.560596705982545,NA,0.481190792562685,0.640002619402404,"statex7","somaliland"
"birth_where","population_group","no_birth","IDP",0.0384367305421196,NA,0.00975858696226783,0.0671148741219713,"statex7","somaliland"
"birth_where","population_group","traditional","IDP",0.0306670536956792,NA,0.013160775008974,0.0481733323823843,"statex7","somaliland"
"birth_where","population_group","dnk","not_displaced",0.0175615573812571,NA,0.00935444087115083,0.0257686738913633,"statex7","somaliland"
"birth_where","population_group","health_center","not_displaced",0.532104632979228,NA,0.388454077012882,0.675755188945575,"statex7","somaliland"
"birth_where","population_group","home","not_displaced",0.370010455465089,NA,0.235023626966242,0.504997283963937,"statex7","somaliland"
"birth_where","population_group","no_birth","not_displaced",0.0471295848231306,NA,0.0294492611553469,0.0648099084909143,"statex7","somaliland"
"birth_where","population_group","traditional","not_displaced",0.0331937693512945,NA,0.0097785164695398,0.0566090222330492,"statex7","somaliland"
"birth_where","population_group","dnk","IDP",0.00101067286073655,NA,-0.00100943539502619,0.00303078111649928,"statex7","jubaland"
"birth_where","population_group","health_center","IDP",0.402072407637854,NA,0.300744144565052,0.503400670710656,"statex7","jubaland"
"birth_where","population_group","health_centre","IDP",0.0141372031256215,NA,-0.0123011053538772,0.0405755116051201,"statex7","jubaland"
"birth_where","population_group","home","IDP",0.422494528653241,NA,0.327105851949105,0.517883205357376,"statex7","jubaland"
"birth_where","population_group","no_birth","IDP",0.0590297153543268,NA,0.00958548434093676,0.108473946367717,"statex7","jubaland"
"birth_where","population_group","traditional","IDP",0.10125547236822,NA,0.0322695618783071,0.170241382858133,"statex7","jubaland"
"birth_where","population_group","dnk","not_displaced",0.00621500553411967,NA,0.000100503774715691,0.0123295072935236,"statex7","jubaland"
"birth_where","population_group","health_center","not_displaced",0.268907522497428,NA,0.160239631050495,0.377575413944362,"statex7","jubaland"
"birth_where","population_group","home","not_displaced",0.622725613581786,NA,0.49901515281105,0.746436074352521,"statex7","jubaland"
"birth_where","population_group","no_birth","not_displaced",0.0288644947788333,NA,0.014979354007673,0.0427496355499937,"statex7","jubaland"
"birth_where","population_group","traditional","not_displaced",0.073287363607833,NA,0.0200942269392996,0.126480500276366,"statex7","jubaland"
"birth_where","population_group","dnk","IDP",0.0638489197717464,NA,-0.023946722401981,0.151644561945474,"statex7","galmudug"
"birth_where","population_group","health_center","IDP",0.458489660632532,NA,0.328267031463065,0.588712289801998,"statex7","galmudug"
"birth_where","population_group","home","IDP",0.233425658527354,NA,0.127023046588949,0.339828270465759,"statex7","galmudug"
"birth_where","population_group","no_birth","IDP",0.0556944237046956,NA,0.0102439209892237,0.101144926420167,"statex7","galmudug"
"birth_where","population_group","traditional","IDP",0.188541337363672,NA,0.112561428238266,0.264521246489078,"statex7","galmudug"
"birth_where","population_group","dnk","not_displaced",0.0644574950916933,NA,0.0286244250677538,0.100290565115633,"statex7","galmudug"
"birth_where","population_group","health_center","not_displaced",0.58404176746453,NA,0.497830600286371,0.670252934642688,"statex7","galmudug"
"birth_where","population_group","home","not_displaced",0.187035373858133,NA,0.12778846033305,0.246282287383217,"statex7","galmudug"
"birth_where","population_group","no_birth","not_displaced",0.0617609065079398,NA,0.0336505340341366,0.089871278981743,"statex7","galmudug"
"birth_where","population_group","traditional","not_displaced",0.102704457077704,NA,0.057910032897593,0.147498881257815,"statex7","galmudug"
"birth_where","population_group","dnk","IDP",0.0726589915511657,NA,0.0286200156076873,0.116697967494644,"statex7","banadir"
"birth_where","population_group","health_center","IDP",0.365112938669089,NA,0.259789785513477,0.470436091824701,"statex7","banadir"
"birth_where","population_group","home","IDP",0.373785541899127,NA,0.267039663077776,0.480531420720479,"statex7","banadir"
"birth_where","population_group","no_birth","IDP",0.0151642130645661,NA,0.00231643533838709,0.0280119907907452,"statex7","banadir"
"birth_where","population_group","traditional","IDP",0.173278314816051,NA,0.0995219547709773,0.247034674861126,"statex7","banadir"
"birth_where","population_group","dnk","not_displaced",0.042018705979088,NA,-0.00298475896968278,0.0870221709278587,"statex7","banadir"
"birth_where","population_group","health_center","not_displaced",0.593901927843334,NA,0.497746750890562,0.690057104796106,"statex7","banadir"
"birth_where","population_group","home","not_displaced",0.206946368319716,NA,0.11475224391261,0.299140492726821,"statex7","banadir"
"birth_where","population_group","no_birth","not_displaced",0.0489499832180617,NA,0.00981935454570483,0.0880806118904186,"statex7","banadir"
"birth_where","population_group","traditional","not_displaced",0.108183014639801,NA,0.074648908840018,0.141717120439584,"statex7","banadir"
"birth_where","population_group","dnk","IDP",0.0308111304127439,NA,-0.00211545925877799,0.0637377200842657,"statex7","sws"
"birth_where","population_group","health_center","IDP",0.392422541830587,NA,0.222356219700571,0.562488863960603,"statex7","sws"
"birth_where","population_group","home","IDP",0.299272707059988,NA,0.188706530078622,0.409838884041354,"statex7","sws"
"birth_where","population_group","no_birth","IDP",0.0298494043111312,NA,0.00463625419037909,0.0550625544318833,"statex7","sws"
"birth_where","population_group","traditional","IDP",0.24764421638555,NA,0.155456804414607,0.339831628356493,"statex7","sws"
"birth_where","population_group","dnk","not_displaced",0.0528164163708813,NA,0.00883996224027381,0.0967928705014888,"statex7","sws"
"birth_where","population_group","health_center","not_displaced",0.295219813295937,NA,0.197545086232867,0.392894540359008,"statex7","sws"
"birth_where","population_group","home","not_displaced",0.372775514270618,NA,0.30614150678714,0.439409521754096,"statex7","sws"
"birth_where","population_group","no_birth","not_displaced",0.0661658749346175,NA,0.0268914820709416,0.105440267798293,"statex7","sws"
"birth_where","population_group","traditional","not_displaced",0.213022381127946,NA,0.152354877510842,0.27368988474505,"statex7","sws"
"attend_total","population_group",NA,"not_displaced",0.783612279287858,NA,0.459135502621687,1.10808905595403,"statex7","hirshabelle"
"attend_total","population_group",NA,"IDP",0.730428335091527,NA,0.486505033936723,0.974351636246332,"statex7","hirshabelle"
"attend_total","population_group",NA,"not_displaced",1.18798874180228,NA,1.00312638474586,1.37285109885871,"statex7","puntland"
"attend_total","population_group",NA,"IDP",0.80586290179516,NA,0.47832267850707,1.13340312508325,"statex7","puntland"
"attend_total","population_group",NA,"IDP",0.854679499846185,NA,0.408721376308875,1.3006376233835,"statex7","somaliland"
"attend_total","population_group",NA,"not_displaced",1.18185781158757,NA,0.947240275686326,1.41647534748882,"statex7","somaliland"
"attend_total","population_group",NA,"IDP",1.03299774059357,NA,0.744083229855976,1.32191225133117,"statex7","jubaland"
"attend_total","population_group",NA,"not_displaced",0.944773368151583,NA,0.70774282893531,1.18180390736786,"statex7","jubaland"
"attend_total","population_group",NA,"not_displaced",1.04145325243815,NA,0.705964892433458,1.37694161244284,"statex7","galmudug"
"attend_total","population_group",NA,"IDP",1.01782483306765,NA,0.773678616733068,1.26197104940223,"statex7","galmudug"
"attend_total","population_group",NA,"not_displaced",1.15084808997451,NA,0.61780143964853,1.68389474030049,"statex7","banadir"
"attend_total","population_group",NA,"IDP",1.07082317079525,NA,0.658531862874005,1.48311447871649,"statex7","banadir"
"attend_total","population_group",NA,"IDP",1.2480652275671,NA,0.828641455296021,1.66748899983818,"statex7","sws"
"attend_total","population_group",NA,"not_displaced",1.30852768348718,NA,1.17506517814776,1.4419901888266,"statex7","sws"
"cash_education","population_group","cash_fees","IDP",0.317708232101574,NA,0.200010982450447,0.4354054817527,"statex7","hirshabelle"
"cash_education","population_group","cash_supplies","IDP",0.400931545513736,NA,0.160911272295336,0.640951818732135,"statex7","hirshabelle"
"cash_education","population_group","cash_textbooks","IDP",0.00279488343583897,NA,-0.00375407496473048,0.00934384183640843,"statex7","hirshabelle"
"cash_education","population_group","cash_transport","IDP",0.00279488343583897,NA,-0.00375407496473048,0.00934384183640843,"statex7","hirshabelle"
"cash_education","population_group","direct_supplies","IDP",0.00558976687167795,NA,-0.00503362292653672,0.0162131566698926,"statex7","hirshabelle"
"cash_education","population_group","direct_textbooks","IDP",0.163690368749295,NA,-0.181912013009545,0.509292750508136,"statex7","hirshabelle"
"cash_education","population_group","direct_uniform","IDP",0.00838465030751692,NA,-0.0112622248941914,0.0280315255092253,"statex7","hirshabelle"
"cash_education","population_group","dnk","IDP",0.000604333996745606,NA,-0.000846274261261462,0.00205494225475267,"statex7","hirshabelle"
"cash_education","population_group","dont_want_support","IDP",0.0767952882579108,NA,0.0256410121778983,0.127949564337923,"statex7","hirshabelle"
"cash_education","population_group","no_reply","IDP",0.013907612464697,NA,-0.0192138482358552,0.0470290731652492,"statex7","hirshabelle"
"cash_education","population_group","service_access_disa","IDP",0.000604333996745606,NA,-0.000846274261261462,0.00205494225475267,"statex7","hirshabelle"
"cash_education","population_group","service_access_mino","IDP",0.00339921743258458,NA,-0.00370830663148362,0.0105067414966528,"statex7","hirshabelle"
"cash_education","population_group","service_wash_food","IDP",0.00279488343583897,NA,-0.00392221175403805,0.009511978625716,"statex7","hirshabelle"
"cash_education","population_group","cash_fees","not_displaced",0.352200988117981,NA,0.254565105270208,0.449836870965753,"statex7","hirshabelle"
"cash_education","population_group","cash_food","not_displaced",0.0189530167685029,NA,0.000375249984126278,0.0375307835528796,"statex7","hirshabelle"
"cash_education","population_group","cash_school_construction","not_displaced",0.00625341050849212,NA,-0.00144187870862706,0.0139486997256113,"statex7","hirshabelle"
"cash_education","population_group","cash_supplies","not_displaced",0.105150287156496,NA,0.0671762512261329,0.143124323086858,"statex7","hirshabelle"
"cash_education","population_group","cash_textbooks","not_displaced",0.0202600248196441,NA,0.00164175461152838,0.0388782950277599,"statex7","hirshabelle"
"cash_education","population_group","cash_transport","not_displaced",0.0407551209051403,NA,0.000624629599653592,0.080885612210627,"statex7","hirshabelle"
"cash_education","population_group","direct_supplies","not_displaced",0.0594017699901418,NA,0.0129529259719377,0.105850614008346,"statex7","hirshabelle"
"cash_education","population_group","direct_textbooks","not_displaced",0.0181106144077242,NA,-0.00654085143171319,0.0427620802471615,"statex7","hirshabelle"
"cash_education","population_group","direct_uniform","not_displaced",0.000386044666323402,NA,-0.000408182339842016,0.00118027167248882,"statex7","hirshabelle"
"cash_education","population_group","dnk","not_displaced",0.0770159665857994,NA,0.0345846758754969,0.119447257296102,"statex7","hirshabelle"
"cash_education","population_group","dont_want_support","not_displaced",0.123382570380672,NA,0.0662773626183772,0.180487778142966,"statex7","hirshabelle"
"cash_education","population_group","no_reply","not_displaced",0.0675225208748814,NA,0.0181449760567661,0.116900065692997,"statex7","hirshabelle"
"cash_education","population_group","service_access_disa","not_displaced",0.0101958994394124,NA,-0.00205168737464839,0.0224434862534731,"statex7","hirshabelle"
"cash_education","population_group","service_access_mino","not_displaced",0.0530492916901701,NA,0.00677977036961828,0.0993188130107218,"statex7","hirshabelle"
"cash_education","population_group","service_health","not_displaced",0.00296378681378597,NA,-0.00077210584081355,0.00669967946838549,"statex7","hirshabelle"
"cash_education","population_group","service_transport","not_displaced",0.0164793286868462,NA,-0.00492932200334554,0.0378879793770379,"statex7","hirshabelle"
"cash_education","population_group","service_wash_food","not_displaced",0.0279193581879881,NA,-0.00676398279363331,0.0626026991696095,"statex7","hirshabelle"
"cash_education","population_group","cash_fees","IDP",0.730125899789258,NA,0.649771531126685,0.810480268451831,"statex7","puntland"
"cash_education","population_group","cash_food","IDP",0.0185440008990465,NA,0.00122857274902448,0.0358594290490686,"statex7","puntland"
"cash_education","population_group","cash_school_construction","IDP",0.000573837860589187,NA,-0.000581020011497556,0.00172869573267593,"statex7","puntland"
"cash_education","population_group","cash_supplies","IDP",0.105166160987997,NA,0.048404901252832,0.161927420723161,"statex7","puntland"
"cash_education","population_group","cash_textbooks","IDP",0.0154736888776655,NA,0.00125580351746546,0.0296915742378656,"statex7","puntland"
"cash_education","population_group","cash_transport","IDP",0.00309473777553311,NA,-0.00300751775748225,0.00919699330854847,"statex7","puntland"
"cash_education","population_group","direct_supplies","IDP",0.0206158866679378,NA,0.00127851246174307,0.0399532608741326,"statex7","puntland"
"cash_education","population_group","direct_textbooks","IDP",0.00925978757244721,NA,-0.00305404882290233,0.0215736239677967,"statex7","puntland"
"cash_education","population_group","dnk","IDP",0.0380881840520383,NA,0.0110288480898929,0.0651475200141837,"statex7","puntland"
"cash_education","population_group","dont_want_support","IDP",0.0437080114120382,NA,0.00500930413369211,0.0824067186903843,"statex7","puntland"
"cash_education","population_group","no_reply","IDP",0.00299527875746907,NA,0.00215795110063516,0.00383260641430297,"statex7","puntland"
"cash_education","population_group","service_access_disa","IDP",0.00309473777553311,NA,-0.00311200854102431,0.00930148409209053,"statex7","puntland"
"cash_education","population_group","service_access_mino","IDP",0.000998426252489689,NA,-0.0010241165792504,0.00302096908422978,"statex7","puntland"
"cash_education","population_group","service_health","IDP",0.00309473777553311,NA,-0.00300751775748225,0.00919699330854847,"statex7","puntland"
"cash_education","population_group","service_wash_food","IDP",0.00516662354442441,NA,-0.0054333070209111,0.0157665541097599,"statex7","puntland"
"cash_education","population_group","cash_fees","not_displaced",0.590551998446545,NA,0.51157475917317,0.669529237719921,"statex7","puntland"
"cash_education","population_group","cash_food","not_displaced",0.0133945019361857,NA,0.00733463589621055,0.0194543679761608,"statex7","puntland"
"cash_education","population_group","cash_hire_teachers","not_displaced",0.00106609258577946,NA,-0.000578374202939111,0.00271055937449803,"statex7","puntland"
"cash_education","population_group","cash_school_construction","not_displaced",0.00148603218332146,NA,-0.00115645264947472,0.00412851701611764,"statex7","puntland"
"cash_education","population_group","cash_supplies","not_displaced",0.147930555161157,NA,0.107725811934929,0.188135298387385,"statex7","puntland"
"cash_education","population_group","cash_textbooks","not_displaced",0.0231138649090466,NA,0.00645085363147101,0.0397768761866222,"statex7","puntland"
"cash_education","population_group","cash_transport","not_displaced",0.0155656588073757,NA,0.00708025652726927,0.0240510610874821,"statex7","puntland"
"cash_education","population_group","direct_supplies","not_displaced",0.032589534497099,NA,0.0121066533317443,0.0530724156624538,"statex7","puntland"
"cash_education","population_group","direct_textbooks","not_displaced",0.00404412399879811,NA,-0.000930345262986187,0.00901859326058242,"statex7","puntland"
"cash_education","population_group","direct_uniform","not_displaced",0.0055852081788671,NA,0.000210512599095787,0.0109599037586384,"statex7","puntland"
"cash_education","population_group","dnk","not_displaced",0.036299106758478,NA,0.0244939250783612,0.0481042884385947,"statex7","puntland"
"cash_education","population_group","dont_want_support","not_displaced",0.101379684130623,NA,0.0819724484904723,0.120786919770774,"statex7","puntland"
"cash_education","population_group","no_reply","not_displaced",0.00937120320566318,NA,-0.00112776633012241,0.0198701727414488,"statex7","puntland"
"cash_education","population_group","service_access_disa","not_displaced",0.00302648077129679,NA,-0.00147568803421403,0.00752864957680761,"statex7","puntland"
"cash_education","population_group","service_access_mino","not_displaced",0.0110654314583487,NA,0.000350913657908214,0.0217799492587892,"statex7","puntland"
"cash_education","population_group","service_health","not_displaced",0.000533046292889731,NA,-0.000632946766178072,0.00169903935195753,"statex7","puntland"
"cash_education","population_group","service_transport","not_displaced",0.00281481239849006,NA,-0.00179268396646629,0.00742230876344641,"statex7","puntland"
"cash_education","population_group","service_wash_food","not_displaced",0.000182664280035214,NA,-0.000214646449789538,0.000579975009859966,"statex7","puntland"
"cash_education","population_group","cash_fees","IDP",0.641151415303398,NA,0.499968808149281,0.782334022457515,"statex7","somaliland"
"cash_education","population_group","cash_food","IDP",0.0121509753857,NA,0.00347263183221678,0.0208293189391833,"statex7","somaliland"
"cash_education","population_group","cash_hire_teachers","IDP",0.0019267531579255,NA,-0.00188795102518576,0.00574145734103676,"statex7","somaliland"
"cash_education","population_group","cash_school_construction","IDP",0.0159918906425974,NA,0.00242222529858204,0.0295615559866127,"statex7","somaliland"
"cash_education","population_group","cash_supplies","IDP",0.15926204377532,NA,0.0863685065940414,0.232155580956599,"statex7","somaliland"
"cash_education","population_group","cash_textbooks","IDP",0.0451997030008923,NA,-0.00315565825170377,0.0935550642534883,"statex7","somaliland"
"cash_education","population_group","cash_transport","IDP",0.00984478415177642,NA,0.00164328982966929,0.0180462784738835,"statex7","somaliland"
"cash_education","population_group","direct_supplies","IDP",0.0253484541792079,NA,0.00826346034466431,0.0424334480137514,"statex7","somaliland"
"cash_education","population_group","direct_textbooks","IDP",0.00102789585053907,NA,-0.000191589859283573,0.00224738156036172,"statex7","somaliland"
"cash_education","population_group","direct_uniform","IDP",0.00288333369980928,NA,-0.00125419714812752,0.00702086454774609,"statex7","somaliland"
"cash_education","population_group","dnk","IDP",0.0114604389818275,NA,0.00252712850066298,0.020393749462992,"statex7","somaliland"
"cash_education","population_group","dont_want_support","IDP",0.0393055183404626,NA,0.0143067981957783,0.064304238485147,"statex7","somaliland"
"cash_education","population_group","no_reply","IDP",0.018897483102445,NA,0.00698919927770188,0.030805766927188,"statex7","somaliland"
"cash_education","population_group","service_access_disa","IDP",0.00109466343682134,NA,-0.00109841042936477,0.00328773730300745,"statex7","somaliland"
"cash_education","population_group","service_access_mino","IDP",0.000832600490111172,NA,-0.000473229127895019,0.00213843010811736,"statex7","somaliland"
"cash_education","population_group","service_health","IDP",0.000640039250626212,NA,-0.000251744603561922,0.00153182310481435,"statex7","somaliland"
"cash_education","population_group","service_transport","IDP",0.00877039372563357,NA,0.000800344467393873,0.0167404429838733,"statex7","somaliland"
"cash_education","population_group","service_wash_food","IDP",0.00421161352490647,NA,-0.00138552133299158,0.00980874838280451,"statex7","somaliland"
"cash_education","population_group","cash_classroom_extention","not_displaced",0.00351436477463443,NA,-0.00272697064011859,0.00975570018938745,"statex7","somaliland"
"cash_education","population_group","cash_fees","not_displaced",0.484994805017022,NA,0.435961765230252,0.534027844803792,"statex7","somaliland"
"cash_education","population_group","cash_food","not_displaced",0.0193246584960806,NA,0.0130938368880533,0.0255554801041079,"statex7","somaliland"
"cash_education","population_group","cash_hire_teachers","not_displaced",0.000596910184055919,NA,-0.000170201663471355,0.00136402203158319,"statex7","somaliland"
"cash_education","population_group","cash_school_construction","not_displaced",0.0055157259372787,NA,0.00152516113362639,0.009506290740931,"statex7","somaliland"
"cash_education","population_group","cash_supplies","not_displaced",0.18096411984243,NA,0.146056094883652,0.215872144801208,"statex7","somaliland"
"cash_education","population_group","cash_textbooks","not_displaced",0.0421300397000556,NA,0.0177946510571538,0.0664654283429574,"statex7","somaliland"
"cash_education","population_group","cash_transport","not_displaced",0.018242982878962,NA,0.00737103331032282,0.0291149324476012,"statex7","somaliland"
"cash_education","population_group","direct_supplies","not_displaced",0.0415867807672712,NA,0.0255189183618989,0.0576546431726434,"statex7","somaliland"
"cash_education","population_group","direct_textbooks","not_displaced",0.0296919038528867,NA,0.0137918049511478,0.0455920027546255,"statex7","somaliland"
"cash_education","population_group","direct_uniform","not_displaced",0.00657862073174356,NA,0.00224586692919563,0.0109113745342915,"statex7","somaliland"
"cash_education","population_group","dnk","not_displaced",0.0335457340586794,NA,0.0179699672275926,0.0491215008897662,"statex7","somaliland"
"cash_education","population_group","dont_want_support","not_displaced",0.0900325220348315,NA,0.0404021742751526,0.13966286979451,"statex7","somaliland"
"cash_education","population_group","no_reply","not_displaced",0.0220611019108906,NA,0.0111697528954465,0.0329524509263347,"statex7","somaliland"
"cash_education","population_group","service_access_disa","not_displaced",0.000515897595224908,NA,-0.000114559483667884,0.0011463546741177,"statex7","somaliland"
"cash_education","population_group","service_access_mino","not_displaced",0.000371659713516663,NA,-2.97859230465689e-05,0.000773105350079895,"statex7","somaliland"
"cash_education","population_group","service_health","not_displaced",0.00459865141475962,NA,0.00125484679833676,0.00794245603118248,"statex7","somaliland"
"cash_education","population_group","service_transport","not_displaced",0.00460956771215748,NA,-0.00130450046263441,0.0105236358869494,"statex7","somaliland"
"cash_education","population_group","service_wash_food","not_displaced",0.0111239533775193,NA,0.00246369224632025,0.0197842145087183,"statex7","somaliland"
"cash_education","population_group","cash_fees","IDP",0.266194971493614,NA,0.168232948185108,0.364156994802119,"statex7","jubaland"
"cash_education","population_group","cash_food","IDP",0.13781455692493,NA,0.0769790174318859,0.198650096417975,"statex7","jubaland"
"cash_education","population_group","cash_supplies","IDP",0.25786637960743,NA,0.163767593721545,0.351965165493315,"statex7","jubaland"
"cash_education","population_group","cash_textbooks","IDP",0.0652972737437374,NA,0.0269762166916099,0.103618330795865,"statex7","jubaland"
"cash_education","population_group","cash_transport","IDP",9.73714443850187e-05,NA,-9.8666233251938e-05,0.000293409122021975,"statex7","jubaland"
"cash_education","population_group","direct_supplies","IDP",0.101915177828825,NA,0.0477680250204533,0.156062330637197,"statex7","jubaland"
"cash_education","population_group","direct_textbooks","IDP",0.0184532960965438,NA,0.00743248037283882,0.0294741118202487,"statex7","jubaland"
"cash_education","population_group","direct_uniform","IDP",0.0162468428018306,NA,-0.000309885430772795,0.032803571034434,"statex7","jubaland"
"cash_education","population_group","dnk","IDP",0.00452903226494835,NA,-0.00409413391705055,0.0131521984469473,"statex7","jubaland"
"cash_education","population_group","dont_want_support","IDP",0.0345782640676242,NA,-0.000825395302373431,0.0699819234376218,"statex7","jubaland"
"cash_education","population_group","no_reply","IDP",0.0592184867938372,NA,0.0150325885207609,0.103404385066914,"statex7","jubaland"
"cash_education","population_group","service_access_disa","IDP",0.0154545123904065,NA,-0.0106907262776151,0.0415997510584281,"statex7","jubaland"
"cash_education","population_group","service_access_mino","IDP",0.000651739534417059,NA,-0.00041844710195431,0.00172192617078843,"statex7","jubaland"
"cash_education","population_group","service_health","IDP",0.000145408023614961,NA,-0.000147431492405744,0.000438247539635667,"statex7","jubaland"
"cash_education","population_group","service_wash_food","IDP",0.0215366869838559,NA,0.00662549701094899,0.0364478769567627,"statex7","jubaland"
"cash_education","population_group","cash_fees","not_displaced",0.405571067422496,NA,0.326969202053402,0.48417293279159,"statex7","jubaland"
"cash_education","population_group","cash_food","not_displaced",0.0328151405050948,NA,0.0124432000265814,0.0531870809836082,"statex7","jubaland"
"cash_education","population_group","cash_school_construction","not_displaced",0.0100715540957687,NA,-0.00473330893642837,0.0248764171279657,"statex7","jubaland"
"cash_education","population_group","cash_supplies","not_displaced",0.177613006088998,NA,0.138866744841055,0.216359267336941,"statex7","jubaland"
"cash_education","population_group","cash_textbooks","not_displaced",0.0422349747045405,NA,0.01502527598267,0.069444673426411,"statex7","jubaland"
"cash_education","population_group","cash_transport","not_displaced",0.0175983420895689,NA,0.00514259154375787,0.0300540926353799,"statex7","jubaland"
"cash_education","population_group","direct_supplies","not_displaced",0.0816651247395609,NA,0.0518076710483949,0.111522578430727,"statex7","jubaland"
"cash_education","population_group","direct_textbooks","not_displaced",0.0197361994820973,NA,0.0116820033838032,0.0277903955803913,"statex7","jubaland"
"cash_education","population_group","direct_uniform","not_displaced",0.0281037339456947,NA,0.00985351496572608,0.0463539529256633,"statex7","jubaland"
"cash_education","population_group","dnk","not_displaced",0.0054910493817419,NA,8.34972796246334e-05,0.0108986014838592,"statex7","jubaland"
"cash_education","population_group","dont_want_support","not_displaced",0.107423507037189,NA,0.0505928929978159,0.164254121076561,"statex7","jubaland"
"cash_education","population_group","no_reply","not_displaced",0.0174029303499275,NA,0.00649968508607343,0.0283061756137816,"statex7","jubaland"
"cash_education","population_group","service_access_disa","not_displaced",0.00462200835088469,NA,-0.00357263339457759,0.012816650096347,"statex7","jubaland"
"cash_education","population_group","service_access_mino","not_displaced",0.00348609508263615,NA,-0.00148993975100597,0.00846212991627828,"statex7","jubaland"
"cash_education","population_group","service_health","not_displaced",0.0104227314686975,NA,0.000211937447959682,0.0206335254894353,"statex7","jubaland"
"cash_education","population_group","service_transport","not_displaced",0.00214077937295662,NA,-0.000617034512502762,0.00489859325841599,"statex7","jubaland"
"cash_education","population_group","service_wash_food","not_displaced",0.0336017558821468,NA,0.018776682010441,0.0484268297538525,"statex7","jubaland"
"cash_education","population_group","cash_fees","IDP",0.490025553406588,NA,0.385063530973045,0.594987575840132,"statex7","galmudug"
"cash_education","population_group","cash_food","IDP",0.0276762267417484,NA,-0.0135246339837625,0.0688770874672593,"statex7","galmudug"
"cash_education","population_group","cash_supplies","IDP",0.213062738756203,NA,0.107248136420444,0.318877341091963,"statex7","galmudug"
"cash_education","population_group","cash_textbooks","IDP",0.0356733676011506,NA,-0.00988860885781056,0.0812353440601118,"statex7","galmudug"
"cash_education","population_group","cash_transport","IDP",0.00615543249555653,NA,0.000488444784263244,0.0118224202068498,"statex7","galmudug"
"cash_education","population_group","direct_supplies","IDP",0.0425131501647012,NA,-0.00250832144471359,0.087534621774116,"statex7","galmudug"
"cash_education","population_group","direct_textbooks","IDP",0.0141962417467893,NA,-0.014390967742923,0.0427834512365015,"statex7","galmudug"
"cash_education","population_group","direct_uniform","IDP",0.00025107484239521,NA,-0.000167765073167507,0.000669914757957927,"statex7","galmudug"
"cash_education","population_group","dnk","IDP",0.0228262333892893,NA,-0.0191066341580074,0.064759100936586,"statex7","galmudug"
"cash_education","population_group","dont_want_support","IDP",0.0590075717970675,NA,0.000467896277937245,0.117547247316198,"statex7","galmudug"
"cash_education","population_group","no_reply","IDP",0.0769473055187681,NA,0.0233126560508458,0.13058195498669,"statex7","galmudug"
"cash_education","population_group","service_access_disa","IDP",0.00263601974243681,NA,-0.00172134041800749,0.00699337990288111,"statex7","galmudug"
"cash_education","population_group","service_access_mino","IDP",0.00409915173120166,NA,-0.00116612259134385,0.00936442605374716,"statex7","galmudug"
"cash_education","population_group","service_health","IDP",0.00483033058037484,NA,-0.000722244333823793,0.0103829054945735,"statex7","galmudug"
"cash_education","population_group","service_wash_food","IDP",9.96014857288244e-05,NA,-0.000101745208704845,0.000300948180162494,"statex7","galmudug"
"cash_education","population_group","cash_fees","not_displaced",0.428352732371895,NA,0.339097161933468,0.517608302810322,"statex7","galmudug"
"cash_education","population_group","cash_food","not_displaced",0.0509455388622519,NA,0.021275376992347,0.0806157007321569,"statex7","galmudug"
"cash_education","population_group","cash_supplies","not_displaced",0.135039844898327,NA,0.0966276035286757,0.173452086267979,"statex7","galmudug"
"cash_education","population_group","cash_textbooks","not_displaced",0.0581693384502754,NA,0.033498161415758,0.0828405154847928,"statex7","galmudug"
"cash_education","population_group","cash_transport","not_displaced",0.0201601720800143,NA,0.00368355733763437,0.0366367868223942,"statex7","galmudug"
"cash_education","population_group","direct_supplies","not_displaced",0.0304841694558058,NA,0.00534929566325372,0.0556190432483578,"statex7","galmudug"
"cash_education","population_group","direct_textbooks","not_displaced",0.00783829225181338,NA,0.000846134628004435,0.0148304498756223,"statex7","galmudug"
"cash_education","population_group","direct_uniform","not_displaced",0.0124816553470566,NA,-0.00195158688619265,0.0269148975803058,"statex7","galmudug"
"cash_education","population_group","dnk","not_displaced",0.0417003965955259,NA,0.0105977899067877,0.072803003284264,"statex7","galmudug"
"cash_education","population_group","dont_want_support","not_displaced",0.102266657295261,NA,0.0679410482032294,0.136592266387292,"statex7","galmudug"
"cash_education","population_group","no_reply","not_displaced",0.0500172639152824,NA,0.0233217452836614,0.0767127825469034,"statex7","galmudug"
"cash_education","population_group","service_access_disa","not_displaced",0.0232646006966788,NA,-0.00274880563394977,0.0492780070273074,"statex7","galmudug"
"cash_education","population_group","service_access_mino","not_displaced",0.00448539228067345,NA,-0.00036052415177129,0.00933130871311818,"statex7","galmudug"
"cash_education","population_group","service_health","not_displaced",0.00923038010179496,NA,0.00274954482691399,0.0157112153766759,"statex7","galmudug"
"cash_education","population_group","service_transport","not_displaced",0.004621031583175,NA,-0.00063208680830169,0.0098741499746517,"statex7","galmudug"
"cash_education","population_group","service_wash_food","not_displaced",0.020942533814169,NA,0.0081160161397461,0.0337690514885919,"statex7","galmudug"
"cash_education","population_group","cash_fees","IDP",0.559335412562899,NA,0.470991265573371,0.647679559552427,"statex7","banadir"
"cash_education","population_group","cash_food","IDP",0.0204528059349317,NA,0.00269849608096358,0.0382071157888998,"statex7","banadir"
"cash_education","population_group","cash_supplies","IDP",0.151677114112283,NA,0.0942496598567091,0.209104568367858,"statex7","banadir"
"cash_education","population_group","cash_textbooks","IDP",0.0426554073347201,NA,-0.0120084320467336,0.0973192467161738,"statex7","banadir"
"cash_education","population_group","cash_transport","IDP",0.00507222674568776,NA,-0.00317876285191005,0.0133232163432856,"statex7","banadir"
"cash_education","population_group","direct_supplies","IDP",0.129256360574171,NA,0.0674089166837663,0.191103804464575,"statex7","banadir"
"cash_education","population_group","direct_textbooks","IDP",0.00839740976202251,NA,-0.00268657155002917,0.0194813910740742,"statex7","banadir"
"cash_education","population_group","direct_uniform","IDP",0.00479682735681616,NA,-0.00324312320566465,0.012836777919297,"statex7","banadir"
"cash_education","population_group","dnk","IDP",0.0084278219748268,NA,-0.0028433565880494,0.019699000537703,"statex7","banadir"
"cash_education","population_group","dont_want_support","IDP",0.0404902351906086,NA,0.0088669809635855,0.0721134894176318,"statex7","banadir"
"cash_education","population_group","no_reply","IDP",0.0080542116163078,NA,5.69298072708793e-05,0.0160514934253447,"statex7","banadir"
"cash_education","population_group","other","IDP",0.00402640892198308,NA,-0.00411047056558132,0.0121632884095475,"statex7","banadir"
"cash_education","population_group","service_access_disa","IDP",0.00509537701874013,NA,-0.00509854616704515,0.0152893002045254,"statex7","banadir"
"cash_education","population_group","service_access_mino","IDP",0.000908018659500297,NA,-0.000362941387570355,0.00217897870657095,"statex7","banadir"
"cash_education","population_group","service_transport","IDP",0.00133345822164906,NA,1.20431130259623e-05,0.00265487333027217,"statex7","banadir"
"cash_education","population_group","service_wash_food","IDP",0.0100209040128528,NA,-0.00116522867762041,0.0212070367033261,"statex7","banadir"
"cash_education","population_group","cash_fees","not_displaced",0.526498003913319,NA,0.422358221828655,0.630637785997982,"statex7","banadir"
"cash_education","population_group","cash_food","not_displaced",0.0205475534722701,NA,0.00274213682960026,0.0383529701149399,"statex7","banadir"
"cash_education","population_group","cash_supplies","not_displaced",0.188517437286899,NA,0.0508841348023946,0.326150739771403,"statex7","banadir"
"cash_education","population_group","cash_textbooks","not_displaced",0.0312771992354757,NA,0.00466102522202672,0.0578933732489246,"statex7","banadir"
"cash_education","population_group","cash_transport","not_displaced",0.0119714795458873,NA,-0.000541595209185746,0.0244845543009604,"statex7","banadir"
"cash_education","population_group","direct_supplies","not_displaced",0.0508200332070329,NA,0.0171692722142582,0.0844707941998075,"statex7","banadir"
"cash_education","population_group","direct_textbooks","not_displaced",0.00440561937609716,NA,-0.000225555493986933,0.00903679424618126,"statex7","banadir"
"cash_education","population_group","direct_uniform","not_displaced",0.000699123123946904,NA,-0.000470444357989487,0.0018686906058833,"statex7","banadir"
"cash_education","population_group","dnk","not_displaced",0.0122142658804195,NA,-0.000499052840424353,0.0249275846012633,"statex7","banadir"
"cash_education","population_group","dont_want_support","not_displaced",0.119736401079846,NA,0.0625006509953413,0.17697215116435,"statex7","banadir"
"cash_education","population_group","no_reply","not_displaced",0.0174358716642392,NA,0.00629909964821968,0.0285726436802588,"statex7","banadir"
"cash_education","population_group","service_access_disa","not_displaced",0.00304062109177672,NA,-0.00102388809603014,0.00710513027958357,"statex7","banadir"
"cash_education","population_group","service_access_mino","not_displaced",0.000712212717139532,NA,-0.000169622546232187,0.00159404798051125,"statex7","banadir"
"cash_education","population_group","service_health","not_displaced",0.00223336477947534,NA,-0.00177512383020508,0.00624185338915577,"statex7","banadir"
"cash_education","population_group","service_transport","not_displaced",0.00965340938712966,NA,-2.44174691432456e-05,0.0193312362434026,"statex7","banadir"
"cash_education","population_group","service_wash_food","not_displaced",0.000237404239046511,NA,-0.000251929133205805,0.000726737611298826,"statex7","banadir"
"cash_education","population_group","cash_fees","IDP",0.588981661987288,NA,0.442698750689649,0.735264573284926,"statex7","sws"
"cash_education","population_group","cash_food","IDP",0.0428245967638966,NA,0.0055750914357577,0.0800741020920356,"statex7","sws"
"cash_education","population_group","cash_school_construction","IDP",0.00618847169273706,NA,-0.00634839450110785,0.018725337886582,"statex7","sws"
"cash_education","population_group","cash_supplies","IDP",0.127311050202161,NA,0.0631934114970965,0.191428688907225,"statex7","sws"
"cash_education","population_group","cash_textbooks","IDP",0.0284792901669024,NA,-0.00450141346412563,0.0614599937979305,"statex7","sws"
"cash_education","population_group","cash_transport","IDP",0.0169997341444426,NA,-0.00230241008687491,0.0363018783757602,"statex7","sws"
"cash_education","population_group","direct_supplies","IDP",0.0497745884686569,NA,0.00774687550377642,0.0918023014335373,"statex7","sws"
"cash_education","population_group","direct_textbooks","IDP",0.0163581460920146,NA,-0.0149508357273165,0.0476671279113457,"statex7","sws"
"cash_education","population_group","direct_uniform","IDP",0.00618847169273706,NA,-0.00642698663139059,0.0188039300168647,"statex7","sws"
"cash_education","population_group","dnk","IDP",0.00453764547258021,NA,-0.00273687699372757,0.011812167938888,"statex7","sws"
"cash_education","population_group","dont_want_support","IDP",0.0656463259686143,NA,0.0112837750938628,0.120008876843366,"statex7","sws"
"cash_education","population_group","no_reply","IDP",0.0197166550821733,NA,-0.00948278771574439,0.048916097880091,"statex7","sws"
"cash_education","population_group","service_access_mino","IDP",0.000255799310586255,NA,-0.000259318255658572,0.000770916876831082,"statex7","sws"
"cash_education","population_group","service_transport","IDP",0.0202932919518869,NA,-0.00792109009960767,0.0485076740033816,"statex7","sws"
"cash_education","population_group","service_wash_food","IDP",0.00644427100332331,NA,-0.00604048707121981,0.0189290290778664,"statex7","sws"
"cash_education","population_group","cash_fees","not_displaced",0.556836706606895,NA,0.470726689301689,0.6429467239121,"statex7","sws"
"cash_education","population_group","cash_food","not_displaced",0.0139122999784508,NA,-0.00129765879826971,0.0291222587551713,"statex7","sws"
"cash_education","population_group","cash_supplies","not_displaced",0.156126735408382,NA,0.122470379465932,0.189783091350832,"statex7","sws"
"cash_education","population_group","cash_textbooks","not_displaced",0.051491721175227,NA,0.0173766218850684,0.0856068204653856,"statex7","sws"
"cash_education","population_group","cash_transport","not_displaced",0.0227939768094267,NA,0.0105993610882463,0.0349885925306071,"statex7","sws"
"cash_education","population_group","direct_supplies","not_displaced",0.0333115594586904,NA,0.0157884150413362,0.0508347038760445,"statex7","sws"
"cash_education","population_group","direct_textbooks","not_displaced",0.0108548464420243,NA,0.00241622208895906,0.0192934707950896,"statex7","sws"
"cash_education","population_group","direct_uniform","not_displaced",0.00433926275508373,NA,-0.00255348665621307,0.0112320121663805,"statex7","sws"
"cash_education","population_group","dnk","not_displaced",0.00610041587981889,NA,-4.26121645517117e-05,0.0122434439241895,"statex7","sws"
"cash_education","population_group","dont_want_support","not_displaced",0.100112683147184,NA,0.0528558473056349,0.147369518988733,"statex7","sws"
"cash_education","population_group","no_reply","not_displaced",0.021729636203781,NA,0.0120163858462162,0.0314428865613457,"statex7","sws"
"cash_education","population_group","service_access_disa","not_displaced",0.00242104551907579,NA,-0.000864252646002051,0.00570634368415363,"statex7","sws"
"cash_education","population_group","service_access_mino","not_displaced",0.00786285904213875,NA,0.00225532179573085,0.0134703962885467,"statex7","sws"
"cash_education","population_group","service_health","not_displaced",0.00294368777229398,NA,-0.000867078331141848,0.00675445387572981,"statex7","sws"
"cash_education","population_group","service_transport","not_displaced",0.00457392421601584,NA,-0.00128432453391827,0.0104321729659499,"statex7","sws"
"cash_education","population_group","service_wash_food","not_displaced",0.00458863958551269,NA,-0.0031221708469562,0.0122994500179816,"statex7","sws"
"cash_health","population_group","cash_doctor_fee","IDP",0.0622948709313275,NA,-0.030315255113455,0.15490499697611,"statex7","hirshabelle"
"cash_health","population_group","cash_medicine","IDP",0.277684875779528,NA,0.155511237213886,0.399858514345171,"statex7","hirshabelle"
"cash_health","population_group","direct_medicine","IDP",0.473108053298448,NA,0.177737657199359,0.768478449397537,"statex7","hirshabelle"
"cash_health","population_group","infrastructure","IDP",0.00559071334877714,NA,-0.005052804640017,0.0162342313375713,"statex7","hirshabelle"
"cash_health","population_group","service_hw_facility","IDP",0.00120887264899879,NA,-0.00168779239441089,0.00410553769240847,"statex7","hirshabelle"
"cash_health","population_group","service_hw_mobile","IDP",0.166513441997368,NA,-0.180522890192671,0.513549774187408,"statex7","hirshabelle"
"cash_health","population_group","service_plw","IDP",0.0129947356710525,NA,-0.0109768409597697,0.0369663123018746,"statex7","hirshabelle"
"cash_health","population_group","service_transport","IDP",0.000604436324499394,NA,-0.000846490118548647,0.00205536276754744,"statex7","hirshabelle"
"cash_health","population_group","cash_doctor_fee","not_displaced",0.145461749949004,NA,0.0888264337705331,0.202097066127476,"statex7","hirshabelle"
"cash_health","population_group","cash_medicine","not_displaced",0.293998487852523,NA,0.211398378874951,0.376598596830095,"statex7","hirshabelle"
"cash_health","population_group","direct_medicine","not_displaced",0.281048208725043,NA,0.145499918400218,0.416596499049868,"statex7","hirshabelle"
"cash_health","population_group","dont_want_support","not_displaced",0.00849773943079606,NA,-0.00400835604296053,0.0210038349045527,"statex7","hirshabelle"
"cash_health","population_group","infrastructure","not_displaced",0.0341868174260783,NA,-0.000286478406306655,0.0686601132584632,"statex7","hirshabelle"
"cash_health","population_group","service_access_disa","not_displaced",0.0160929777651874,NA,0.00162285082535338,0.0305631047050215,"statex7","hirshabelle"
"cash_health","population_group","service_access_menta","not_displaced",0.0412028773103609,NA,0.00411374676027364,0.0782920078604481,"statex7","hirshabelle"
"cash_health","population_group","service_access_minority","not_displaced",0.000203795402962799,NA,-0.000111015781366091,0.000518606587291689,"statex7","hirshabelle"
"cash_health","population_group","service_hw_facility","not_displaced",0.0214379923458792,NA,-0.00319009314993888,0.0460660778416974,"statex7","hirshabelle"
"cash_health","population_group","service_hw_mobile","not_displaced",0.0212341969429164,NA,-0.00934977498214605,0.0518181688679789,"statex7","hirshabelle"
"cash_health","population_group","service_khat","not_displaced",0.0249740359431982,NA,0.00272008262687756,0.0472279892595189,"statex7","hirshabelle"
"cash_health","population_group","service_plw","not_displaced",0.0595325641053173,NA,-0.0139940300297933,0.133059158240428,"statex7","hirshabelle"
"cash_health","population_group","service_transport","not_displaced",0.0521285568007328,NA,0.0121578038160823,0.0920993097853833,"statex7","hirshabelle"
"cash_health","population_group","cash_doctor_fee","IDP",0.198917036393569,NA,0.134955269711971,0.262878803075167,"statex7","puntland"
"cash_health","population_group","cash_medicine","IDP",0.363712131573106,NA,0.263221928202595,0.464202334943617,"statex7","puntland"
"cash_health","population_group","direct_medicine","IDP",0.368590319132581,NA,0.243675750981709,0.493504887283452,"statex7","puntland"
"cash_health","population_group","dont_want_support","IDP",0.000998426252489689,NA,-0.0010241165792504,0.00302096908422978,"statex7","puntland"
"cash_health","population_group","infrastructure","IDP",0.00758058418565887,NA,-0.00141089964016363,0.0165720680114814,"statex7","puntland"
"cash_health","population_group","other","IDP",0.00290429804667926,NA,-0.00291134866858345,0.00871994476194197,"statex7","puntland"
"cash_health","population_group","service_access_menta","IDP",0.00309473777553311,NA,-0.00304952731391165,0.00923900286497787,"statex7","puntland"
"cash_health","population_group","service_hw_facility","IDP",0.0100670846769559,NA,-0.00517730509604418,0.0253114744499559,"statex7","puntland"
"cash_health","population_group","service_hw_mobile","IDP",0.0100670846769559,NA,-0.00517730509604418,0.0253114744499559,"statex7","puntland"
"cash_health","population_group","service_plw","IDP",0.00309473777553311,NA,-0.00300751775748226,0.00919699330854848,"statex7","puntland"
"cash_health","population_group","service_transport","IDP",0.0309735595109388,NA,0.000814711480122628,0.0611324075417549,"statex7","puntland"
"cash_health","population_group","cash_doctor_fee","not_displaced",0.125317556765751,NA,0.0559760161804911,0.19465909735101,"statex7","puntland"
"cash_health","population_group","cash_medicine","not_displaced",0.446207514677561,NA,0.386512980150047,0.505902049205075,"statex7","puntland"
"cash_health","population_group","direct_medicine","not_displaced",0.34458399718183,NA,0.274095479822619,0.415072514541041,"statex7","puntland"
"cash_health","population_group","dont_want_support","not_displaced",0.0109757480091916,NA,0.00611376977701926,0.015837726241364,"statex7","puntland"
"cash_health","population_group","infrastructure","not_displaced",0.0227315740565095,NA,0.00656597744809144,0.0388971706649275,"statex7","puntland"
"cash_health","population_group","other","not_displaced",0.00159913887866919,NA,-0.00108723178596249,0.00428550954330087,"statex7","puntland"
"cash_health","population_group","service_access_disa","not_displaced",0.00127560620899969,NA,-0.00136670706571208,0.00391791948371146,"statex7","puntland"
"cash_health","population_group","service_access_menta","not_displaced",0.00138059110838519,NA,-0.00129866085446607,0.00405984307123645,"statex7","puntland"
"cash_health","population_group","service_access_minority","not_displaced",0.000104984899385499,NA,-0.000123820473834107,0.000333790272605106,"statex7","puntland"
"cash_health","population_group","service_hw_facility","not_displaced",0.0102667196292688,NA,-1.37224257773377e-05,0.020547161684315,"statex7","puntland"
"cash_health","population_group","service_hw_mobile","not_displaced",0.0135794076014287,NA,-0.00293794881742714,0.0300967640202846,"statex7","puntland"
"cash_health","population_group","service_khat","not_displaced",0.00127560620899969,NA,-0.00150619278426894,0.00405740520226833,"statex7","puntland"
"cash_health","population_group","service_plw","not_displaced",0.00819251914805103,NA,-0.000569481646626303,0.0169545199427284,"statex7","puntland"
"cash_health","population_group","service_transport","not_displaced",0.0125090356259692,NA,0.00657233832867671,0.0184457329232616,"statex7","puntland"
"cash_health","population_group","cash_doctor_fee","IDP",0.239124940916434,NA,0.0837812439618116,0.394468637871057,"statex7","somaliland"
"cash_health","population_group","cash_medicine","IDP",0.416726656696396,NA,0.320548318013419,0.512904995379372,"statex7","somaliland"
"cash_health","population_group","direct_medicine","IDP",0.139971199865783,NA,0.0766622812660321,0.203280118465534,"statex7","somaliland"
"cash_health","population_group","infrastructure","IDP",0.128872411469864,NA,0.0619455588321911,0.195799264107536,"statex7","somaliland"
"cash_health","population_group","other","IDP",0.00782347117568311,NA,-0.0056497108633604,0.0212966532147266,"statex7","somaliland"
"cash_health","population_group","service_access_disa","IDP",0.000648236099798875,NA,-0.000338326710761327,0.00163479891035908,"statex7","somaliland"
"cash_health","population_group","service_access_menta","IDP",0.00428049093560832,NA,-0.0013890260151158,0.00995000788633245,"statex7","somaliland"
"cash_health","population_group","service_access_minority","IDP",0.0019418796087392,NA,-0.00191458102115928,0.00579834023863769,"statex7","somaliland"
"cash_health","population_group","service_hw_facility","IDP",0.0157129548310037,NA,0.00518329752641514,0.0262426121355923,"statex7","somaliland"
"cash_health","population_group","service_hw_mobile","IDP",0.0215654897814733,NA,0.00365918995193593,0.0394717896110107,"statex7","somaliland"
"cash_health","population_group","service_plw","IDP",0.00840882861123026,NA,-0.00228261315626237,0.0191002703787229,"statex7","somaliland"
"cash_health","population_group","service_transport","IDP",0.0149234400079863,NA,0.00250023248324687,0.0273466475327257,"statex7","somaliland"
"cash_health","population_group","cash_doctor_fee","not_displaced",0.233030448252919,NA,0.19225229599488,0.273808600510958,"statex7","somaliland"
"cash_health","population_group","cash_medicine","not_displaced",0.278466526543812,NA,0.240059259304189,0.316873793783435,"statex7","somaliland"
"cash_health","population_group","direct_medicine","not_displaced",0.255469683125041,NA,0.216181131651936,0.294758234598147,"statex7","somaliland"
"cash_health","population_group","dont_want_support","not_displaced",0.0231702048420613,NA,0.0029339126217326,0.04340649706239,"statex7","somaliland"
"cash_health","population_group","infrastructure","not_displaced",0.0552738799773176,NA,0.0344453516782887,0.0761024082763466,"statex7","somaliland"
"cash_health","population_group","other","not_displaced",0.00628810359927748,NA,0.00211640893016438,0.0104597982683906,"statex7","somaliland"
"cash_health","population_group","service_access_disa","not_displaced",0.00191305139650527,NA,-0.00063203091342915,0.00445813370643969,"statex7","somaliland"
"cash_health","population_group","service_access_menta","not_displaced",0.00458434866778789,NA,-0.000506450160655657,0.00967514749623143,"statex7","somaliland"
"cash_health","population_group","service_hw_facility","not_displaced",0.0397851941620777,NA,0.0264348095815287,0.0531355787426267,"statex7","somaliland"
"cash_health","population_group","service_hw_mobile","not_displaced",0.0322878804047189,NA,0.015265035261005,0.0493107255484328,"statex7","somaliland"
"cash_health","population_group","service_khat","not_displaced",0.00121023556369768,NA,-6.5048561561039e-05,0.00248551968895641,"statex7","somaliland"
"cash_health","population_group","service_plw","not_displaced",0.0345523820503934,NA,0.0177788435070815,0.0513259205937053,"statex7","somaliland"
"cash_health","population_group","service_transport","not_displaced",0.03396806141439,NA,0.0199737335072827,0.0479623893214972,"statex7","somaliland"
"cash_health","population_group","cash_doctor_fee","IDP",0.0985819547512328,NA,0.0258260536106715,0.171337855891794,"statex7","jubaland"
"cash_health","population_group","cash_medicine","IDP",0.184955381917667,NA,0.111801051412756,0.258109712422578,"statex7","jubaland"
"cash_health","population_group","direct_medicine","IDP",0.264971429934733,NA,0.190007649406183,0.339935210463284,"statex7","jubaland"
"cash_health","population_group","infrastructure","IDP",0.0913588499166026,NA,0.0545117239104221,0.128205975922783,"statex7","jubaland"
"cash_health","population_group","service_access_disa","IDP",0.000505336430368275,NA,-0.000504717697513092,0.00151539055824964,"statex7","jubaland"
"cash_health","population_group","service_access_minority","IDP",0.000505336430368275,NA,-0.000513553943004539,0.00152422680374109,"statex7","jubaland"
"cash_health","population_group","service_hw_facility","IDP",0.129355607386024,NA,0.0795427834233443,0.179168431348704,"statex7","jubaland"
"cash_health","population_group","service_hw_mobile","IDP",0.122164155492637,NA,0.0675864243056492,0.176741886679624,"statex7","jubaland"
"cash_health","population_group","service_khat","IDP",0.001410499486962,NA,-0.00137482094529264,0.00419581991921664,"statex7","jubaland"
"cash_health","population_group","service_plw","IDP",0.0356855243475788,NA,0.00567823188708462,0.065692816808073,"statex7","jubaland"
"cash_health","population_group","service_transport","IDP",0.0705059239058263,NA,0.0217533023433378,0.119258545468315,"statex7","jubaland"
"cash_health","population_group","cash_doctor_fee","not_displaced",0.118000593918503,NA,0.0783916439494179,0.157609543887588,"statex7","jubaland"
"cash_health","population_group","cash_medicine","not_displaced",0.37153888900806,NA,0.283414862720346,0.459662915295773,"statex7","jubaland"
"cash_health","population_group","direct_medicine","not_displaced",0.160862205288214,NA,0.0998519074191394,0.221872503157289,"statex7","jubaland"
"cash_health","population_group","dont_want_support","not_displaced",0.00379754068978342,NA,-0.00131509650128458,0.00891017788085142,"statex7","jubaland"
"cash_health","population_group","infrastructure","not_displaced",0.0496491489976212,NA,0.0178626323512569,0.0814356656439855,"statex7","jubaland"
"cash_health","population_group","other","not_displaced",0.00120111954165948,NA,-0.00095714499272231,0.00335938407604127,"statex7","jubaland"
"cash_health","population_group","service_access_disa","not_displaced",0.00986441672499195,NA,-0.00131608224346392,0.0210449156934478,"statex7","jubaland"
"cash_health","population_group","service_access_menta","not_displaced",0.00925763798135233,NA,-0.00159723303833817,0.0201125090010428,"statex7","jubaland"
"cash_health","population_group","service_access_minority","not_displaced",0.0055802414128356,NA,-0.00310525258510639,0.0142657354107776,"statex7","jubaland"
"cash_health","population_group","service_hw_facility","not_displaced",0.127623736245577,NA,0.0852156326825662,0.170031839808588,"statex7","jubaland"
"cash_health","population_group","service_hw_mobile","not_displaced",0.0936080751524495,NA,0.0677773416516469,0.119438808653252,"statex7","jubaland"
"cash_health","population_group","service_khat","not_displaced",0.00184621443036985,NA,-0.000844470320637437,0.00453689918137714,"statex7","jubaland"
"cash_health","population_group","service_plw","not_displaced",0.0155748295385479,NA,0.00345490043586801,0.0276947586412279,"statex7","jubaland"
"cash_health","population_group","service_transport","not_displaced",0.0315953510700347,NA,0.01500159123405,0.0481891109060194,"statex7","jubaland"
"cash_health","population_group","cash_doctor_fee","IDP",0.167248143834391,NA,0.0719283807989406,0.262567906869842,"statex7","galmudug"
"cash_health","population_group","cash_medicine","IDP",0.552005550815383,NA,0.453194854105023,0.650816247525744,"statex7","galmudug"
"cash_health","population_group","direct_medicine","IDP",0.147401944112816,NA,0.0629563505447302,0.231847537680901,"statex7","galmudug"
"cash_health","population_group","dont_want_support","IDP",0.012558708714222,NA,-0.0119568986366711,0.0370743160651152,"statex7","galmudug"
"cash_health","population_group","infrastructure","IDP",0.00654394611002589,NA,0.000278697882456219,0.0128091943375956,"statex7","galmudug"
"cash_health","population_group","other","IDP",9.96014857288244e-05,NA,-0.000101774278052846,0.000300977249510495,"statex7","galmudug"
"cash_health","population_group","service_access_menta","IDP",0.00341984475296603,NA,-0.00158620331428386,0.00842589282021593,"statex7","galmudug"
"cash_health","population_group","service_hw_facility","IDP",0.013373575381295,NA,-0.00946947035649292,0.0362166211190829,"statex7","galmudug"
"cash_health","population_group","service_hw_mobile","IDP",0.0470556384187488,NA,-0.00314584084127351,0.0972571176787712,"statex7","galmudug"
"cash_health","population_group","service_khat","IDP",9.96014857288244e-05,NA,-0.000101745208704845,0.000300948180162494,"statex7","galmudug"
"cash_health","population_group","service_plw","IDP",0.0102940696977364,NA,-0.00293762533405475,0.0235257647295275,"statex7","galmudug"
"cash_health","population_group","service_transport","IDP",0.0398993751909582,NA,-0.00448000177677826,0.0842787521586946,"statex7","galmudug"
"cash_health","population_group","cash_doctor_fee","not_displaced",0.0847269778195235,NA,0.0622486550151583,0.107205300623889,"statex7","galmudug"
"cash_health","population_group","cash_medicine","not_displaced",0.401583921022556,NA,0.274202616182272,0.528965225862839,"statex7","galmudug"
"cash_health","population_group","direct_medicine","not_displaced",0.170093134740662,NA,0.0973816336156794,0.242804635865644,"statex7","galmudug"
"cash_health","population_group","dont_want_support","not_displaced",0.0219524103638682,NA,0.00045142152769297,0.0434533992000435,"statex7","galmudug"
"cash_health","population_group","infrastructure","not_displaced",0.0694715704309787,NA,-0.000729860183245307,0.139673001045203,"statex7","galmudug"
"cash_health","population_group","other","not_displaced",0.013689910197568,NA,-0.00456930584139602,0.031949126236532,"statex7","galmudug"
"cash_health","population_group","service_access_disa","not_displaced",0.0012674435223391,NA,-0.000877502409532745,0.00341238945421094,"statex7","galmudug"
"cash_health","population_group","service_access_menta","not_displaced",0.00810807999161737,NA,-0.000518137379630391,0.0167342973628651,"statex7","galmudug"
"cash_health","population_group","service_access_minority","not_displaced",0.000371985701354302,NA,-0.000410181942547802,0.00115415334525641,"statex7","galmudug"
"cash_health","population_group","service_hw_facility","not_displaced",0.0323183988464053,NA,0.0190774729156595,0.0455593247771511,"statex7","galmudug"
"cash_health","population_group","service_hw_mobile","not_displaced",0.0146631369113031,NA,-0.00169846005981999,0.0310247338824261,"statex7","galmudug"
"cash_health","population_group","service_khat","not_displaced",0.0266901557817556,NA,0.00226232671999558,0.0511179848435156,"statex7","galmudug"
"cash_health","population_group","service_plw","not_displaced",0.0671021600732839,NA,0.033800599199614,0.100403720946954,"statex7","galmudug"
"cash_health","population_group","service_transport","not_displaced",0.0879607145967855,NA,0.0321727926433157,0.143748636550255,"statex7","galmudug"
"cash_health","population_group","cash_doctor_fee","IDP",0.140504235151167,NA,0.0888784743249285,0.192129995977405,"statex7","banadir"
"cash_health","population_group","cash_medicine","IDP",0.42255760882451,NA,0.318440524742047,0.526674692906973,"statex7","banadir"
"cash_health","population_group","direct_medicine","IDP",0.321506307840437,NA,0.22215439934942,0.420858216331453,"statex7","banadir"
"cash_health","population_group","dont_want_support","IDP",0.00615407286957023,NA,-0.00160264811314977,0.0139107938522902,"statex7","banadir"
"cash_health","population_group","infrastructure","IDP",0.00984888883057801,NA,-0.00352147560754501,0.023219253268701,"statex7","banadir"
"cash_health","population_group","other","IDP",0.000700855349153366,NA,-0.000337436290463569,0.0017391469887703,"statex7","banadir"
"cash_health","population_group","service_access_disa","IDP",0.0158720998472307,NA,-0.00780474451484026,0.0395489442093016,"statex7","banadir"
"cash_health","population_group","service_access_menta","IDP",0.0048911707227292,NA,-0.00327057736479902,0.0130529188102574,"statex7","banadir"
"cash_health","population_group","service_hw_facility","IDP",0.0550262951684272,NA,0.00640192961590466,0.10365066072095,"statex7","banadir"
"cash_health","population_group","service_hw_mobile","IDP",0.00756686911308899,NA,-0.000433435827021519,0.0155671740531995,"statex7","banadir"
"cash_health","population_group","service_khat","IDP",0.000453769412621366,NA,-0.000453793911576246,0.00136133273681898,"statex7","banadir"
"cash_health","population_group","service_plw","IDP",0.0043373061908376,NA,0.00104731719622932,0.00762729518544588,"statex7","banadir"
"cash_health","population_group","service_transport","IDP",0.0105805206796501,NA,-0.000437953825311716,0.0215989951846118,"statex7","banadir"
"cash_health","population_group","cash_doctor_fee","not_displaced",0.12988726663688,NA,0.0718402053707432,0.187934327903018,"statex7","banadir"
"cash_health","population_group","cash_medicine","not_displaced",0.481837101735165,NA,0.324858562442071,0.638815641028258,"statex7","banadir"
"cash_health","population_group","direct_medicine","not_displaced",0.167707440832893,NA,0.115178165483236,0.220236716182549,"statex7","banadir"
"cash_health","population_group","dont_want_support","not_displaced",0.0395377536363782,NA,0.00948698593646986,0.0695885213362865,"statex7","banadir"
"cash_health","population_group","infrastructure","not_displaced",0.0171514755680596,NA,0.000793570297544913,0.0335093808385743,"statex7","banadir"
"cash_health","population_group","service_access_menta","not_displaced",0.00260075910392561,NA,-0.0014114928464167,0.00661301105426792,"statex7","banadir"
"cash_health","population_group","service_access_minority","not_displaced",0.00536367493189376,NA,-0.000431072451304713,0.0111584223150922,"statex7","banadir"
"cash_health","population_group","service_hw_facility","not_displaced",0.0615152879177355,NA,-0.00720261877535626,0.130233194610827,"statex7","banadir"
"cash_health","population_group","service_hw_mobile","not_displaced",0.0461022687858382,NA,-0.00991859939066259,0.102123136962339,"statex7","banadir"
"cash_health","population_group","service_khat","not_displaced",0.00223398241103394,NA,-0.00177554289607938,0.00624350771814727,"statex7","banadir"
"cash_health","population_group","service_plw","not_displaced",0.00626622436818598,NA,-0.000285648089683836,0.0128180968260558,"statex7","banadir"
"cash_health","population_group","service_transport","not_displaced",0.0397967640720114,NA,0.0173061384868986,0.0622873896571241,"statex7","banadir"
"cash_health","population_group","cash_doctor_fee","IDP",0.102307813424495,NA,0.0442864496521461,0.160329177196845,"statex7","sws"
"cash_health","population_group","cash_medicine","IDP",0.470429097545026,NA,0.295414671137576,0.645443523952477,"statex7","sws"
"cash_health","population_group","direct_medicine","IDP",0.214027563461879,NA,0.134367946968498,0.29368717995526,"statex7","sws"
"cash_health","population_group","infrastructure","IDP",0.0216025938989105,NA,-0.00736536662570941,0.0505705544235304,"statex7","sws"
"cash_health","population_group","service_access_disa","IDP",0.0075688761867005,NA,-0.00523196181382713,0.0203697141872281,"statex7","sws"
"cash_health","population_group","service_access_menta","IDP",0.00619151677869399,NA,-0.0061928647652637,0.0185758983226517,"statex7","sws"
"cash_health","population_group","service_access_minority","IDP",0.000371547461973624,NA,-0.000379562930171648,0.0011226578541189,"statex7","sws"
"cash_health","population_group","service_hw_facility","IDP",0.0734192494783407,NA,0.00345922799466611,0.143379270962015,"statex7","sws"
"cash_health","population_group","service_hw_mobile","IDP",0.0771278765351072,NA,0.0313797634366044,0.12287598963361,"statex7","sws"
"cash_health","population_group","service_khat","IDP",0.000290206535543804,NA,-0.000234804839152108,0.000815217910239716,"statex7","sws"
"cash_health","population_group","service_plw","IDP",0.018574550336082,NA,-0.00279743125740934,0.0399465319295733,"statex7","sws"
"cash_health","population_group","service_transport","IDP",0.00808910835724679,NA,-0.00490880247309107,0.0210870191875847,"statex7","sws"
"cash_health","population_group","cash_doctor_fee","not_displaced",0.20008274139232,NA,0.150109349730698,0.250056133053942,"statex7","sws"
"cash_health","population_group","cash_medicine","not_displaced",0.404531294316591,NA,0.357233841072573,0.451828747560609,"statex7","sws"
"cash_health","population_group","direct_medicine","not_displaced",0.156466157870283,NA,0.115010172509397,0.197922143231169,"statex7","sws"
"cash_health","population_group","dont_want_support","not_displaced",0.00149577388740892,NA,-0.00149818355160232,0.00448973132642016,"statex7","sws"
"cash_health","population_group","infrastructure","not_displaced",0.0163307843052022,NA,0.0080370937191746,0.0246244748912298,"statex7","sws"
"cash_health","population_group","other","not_displaced",0.00366697019008339,NA,-0.00305993708818133,0.0103938774683481,"statex7","sws"
"cash_health","population_group","service_access_disa","not_displaced",0.0111016578847807,NA,0.00226509820346422,0.0199382175660972,"statex7","sws"
"cash_health","population_group","service_access_menta","not_displaced",0.0131541006208429,NA,0.00273128567710243,0.0235769155645834,"statex7","sws"
"cash_health","population_group","service_access_minority","not_displaced",0.00121087265154002,NA,-0.000641949558683691,0.00306369486176373,"statex7","sws"
"cash_health","population_group","service_hw_facility","not_displaced",0.0731327058487201,NA,0.0371017330180771,0.109163678679363,"statex7","sws"
"cash_health","population_group","service_hw_mobile","not_displaced",0.0432206138931846,NA,0.0271589641521441,0.059282263634225,"statex7","sws"
"cash_health","population_group","service_khat","not_displaced",0.0145233521345405,NA,0.00753416776105626,0.0215125365080248,"statex7","sws"
"cash_health","population_group","service_plw","not_displaced",0.0219248702146164,NA,0.0125877899780041,0.0312619504512287,"statex7","sws"
"cash_health","population_group","service_transport","not_displaced",0.0391581047898862,NA,0.0159035749757023,0.0624126346040701,"statex7","sws"
